name,genre,player_count,min_age,play_time_minutes,difficulty,company_type,description
Ticket to Ride,семейная,2-5,8,30-60,средняя,семья,"Стратегия про строительство железных дорог по карте"
Catan,стратегия,3-4,10,60-90,средняя,друзья,"Игра про развитие поселений и торговлю ресурсами"
Dixit,ассоциативная,3-6,8,30,лёгкая,семья,"Игра на фантазию, ассоциации и красивые иллюстрации"
Carcassonne,стратегия,2-5,7,30-45,лёгкая,семья,"Построение карты из тайлов и захват территорий"
Pandemic,кооперативная,2-4,10,45,средняя,друзья,"Командная игра про борьбу с распространением болезней"
Splendor,экономическая,2-4,10,30,лёгкая,пара,"Сбор наборов и развитие торговой империи"
7 Wonders,стратегия,3-7,10,30,средняя,компания,"Развитие цивилизации через драфт карт"
Uno,карточная,2-10,7,15,лёгкая,компания,"Быстрая карточная игра с простыми правилами"
Munchkin,карточная,3-6,10,60,средняя,друзья,"Пародийное приключение с юмором и подставами"
Azul,абстрактная,2-4,8,30-45,средняя,семья,"Игра про выкладку узоров из плиток"
Terraforming Mars,экономическая,1-5,12,90-120,сложная,друзья,"Глубокая стратегия о терраформировании Марса и развитии корпорации"
Twilight Struggle,стратегия,2,14,120-180,сложная,пара,"Глобальное противостояние сверхдержав в эпоху холодной войны"
Through the Ages,стратегия,2-4,14,120-180,сложная,компания,"Сложная цивилизационная стратегия с развитием технологий и лидеров"
Gloomhaven,кооперативная,1-4,14,90-150,сложная,друзья,"Большая тактическая кампания с прокачкой персонажей и сценариями"
Ark Nova,экономическая,1-4,14,90-150,сложная,семья,"Планирование и строительство современного зоопарка с глубокой оптимизацией"
